query_id,algorithm,path,hops,cost_km,expanded,max_frontier,runtime_ms,gap_pct
Q1,UCS,KUL -> HKT -> LED -> HEL -> KEF,4,11461.348578050693,1851,616,9.002834000057192,0.0
Q1,GBFS,KUL -> LHR -> KEF,2,12500.498489789588,2,246,4.825540999263467,9.06655883173244
Q1,A*,KUL -> HKT -> LED -> HEL -> KEF,4,11461.348578050693,69,409,6.724582999595441,0.0
Q2,UCS,SIN -> JNB -> GRU -> EZE,3,17817.356252826285,3002,620,10.664082999937818,0.0
Q2,GBFS,SIN -> JNB -> GRU -> EZE,3,17817.356252826285,3,262,7.528915999500896,0.0
Q2,A*,SIN -> JNB -> GRU -> EZE,3,17817.356252826285,151,330,4.863458000727405,0.0
Q3,UCS,NRT -> HKG -> MRU -> CPT,3,14813.319264012905,3042,1018,10.654499999873224,0.0
Q3,GBFS,NRT -> DOH -> JNB -> CPT,3,15811.294635377171,3,234,4.549457999928563,6.737013856095864
Q3,A*,NRT -> HKG -> MRU -> CPT,3,14813.319264012905,63,496,4.073000000062166,0.0
Q1,Weighted A* (1.5h),KUL -> AMS -> KEF,2,12274.317531212691,2,317,4.415375000462518,7.093135224234359
Q2,Weighted A* (1.5h),SIN -> JNB -> GRU -> EZE,3,17817.356252826285,3,262,3.2828339990373934,0.0
Q3,Weighted A* (1.5h),NRT -> CMB -> SEZ -> JNB -> CPT,4,14929.353967643605,4,189,2.907415999288787,0.7833133247360013
